"Statistic Label","Census Year","Sex","County of Usual Residence","UNIT","VALUE"
"Population 3 years and over","2022","Both sexes","State","Number","4975713"
"Population 3 years and over","2022","Both sexes","Carlow","Number","59931"
"Population 3 years and over","2022","Both sexes","Dublin City","Number","574971"
"Population 3 years and over","2022","Both sexes","Dún Laoghaire-Rathdown","Number","226477"
"Population 3 years and over","2022","Both sexes","Fingal","Number","318295"
"Population 3 years and over","2022","Both sexes","South Dublin","Number","290124"
"Population 3 years and over","2022","Both sexes","Kildare","Number","238680"
"Population 3 years and over","2022","Both sexes","Kilkenny","Number","100737"
"Population 3 years and over","2022","Both sexes","Laois","Number","88600"
"Population 3 years and over","2022","Both sexes","Longford","Number","45198"
"Population 3 years and over","2022","Both sexes","Louth","Number","134778"
"Population 3 years and over","2022","Both sexes","Meath","Number","212563"
"Population 3 years and over","2022","Both sexes","Offaly","Number","80333"
"Population 3 years and over","2022","Both sexes","Westmeath","Number","92826"
"Population 3 years and over","2022","Both sexes","Wexford","Number","158568"
"Population 3 years and over","2022","Both sexes","Wicklow","Number","150663"
"Population 3 years and over","2022","Both sexes","Clare","Number","123728"
"Population 3 years and over","2022","Both sexes","Cork City and Cork County","Number","564688"
"Population 3 years and over","2022","Both sexes","Kerry","Number","151592"
"Population 3 years and over","2022","Both sexes","Limerick City and County","Number","202763"
"Population 3 years and over","2022","Both sexes","Tipperary","Number","162319"
"Population 3 years and over","2022","Both sexes","Waterford City and County","Number","123428"
"Population 3 years and over","2022","Both sexes","Galway City","Number","82073"
"Population 3 years and over","2022","Both sexes","Galway County","Number","186508"
"Population 3 years and over","2022","Both sexes","Leitrim","Number","33936"
"Population 3 years and over","2022","Both sexes","Mayo","Number","133358"
"Population 3 years and over","2022","Both sexes","Roscommon","Number","67854"
"Population 3 years and over","2022","Both sexes","Sligo","Number","67925"
"Population 3 years and over","2022","Both sexes","Cavan","Number","78633"
"Population 3 years and over","2022","Both sexes","Donegal","Number","161435"
"Population 3 years and over","2022","Both sexes","Monaghan","Number","62729"
"Population 3 years and over","2022","Male","State","Number","2455828"
"Population 3 years and over","2022","Male","Carlow","Number","29774"
"Population 3 years and over","2022","Male","Dublin City","Number","282636"
"Population 3 years and over","2022","Male","Dún Laoghaire-Rathdown","Number","108267"
"Population 3 years and over","2022","Male","Fingal","Number","156290"
"Population 3 years and over","2022","Male","South Dublin","Number","141602"
"Population 3 years and over","2022","Male","Kildare","Number","118636"
"Population 3 years and over","2022","Male","Kilkenny","Number","50117"
"Population 3 years and over","2022","Male","Laois","Number","44601"
"Population 3 years and over","2022","Male","Longford","Number","22647"
"Population 3 years and over","2022","Male","Louth","Number","66345"
"Population 3 years and over","2022","Male","Meath","Number","105716"
"Population 3 years and over","2022","Male","Offaly","Number","40167"
"Population 3 years and over","2022","Male","Westmeath","Number","45995"
"Population 3 years and over","2022","Male","Wexford","Number","78107"
"Population 3 years and over","2022","Male","Wicklow","Number","73886"
"Population 3 years and over","2022","Male","Clare","Number","60846"
"Population 3 years and over","2022","Male","Cork City and Cork County","Number","279005"
"Population 3 years and over","2022","Male","Kerry","Number","74906"
"Population 3 years and over","2022","Male","Limerick City and County","Number","100945"
"Population 3 years and over","2022","Male","Tipperary","Number","80729"
"Population 3 years and over","2022","Male","Waterford City and County","Number","61089"
"Population 3 years and over","2022","Male","Galway City","Number","39241"
"Population 3 years and over","2022","Male","Galway County","Number","93021"
"Population 3 years and over","2022","Male","Leitrim","Number","16925"
"Population 3 years and over","2022","Male","Mayo","Number","66031"
"Population 3 years and over","2022","Male","Roscommon","Number","33943"
"Population 3 years and over","2022","Male","Sligo","Number","33366"
"Population 3 years and over","2022","Male","Cavan","Number","39487"
"Population 3 years and over","2022","Male","Donegal","Number","79928"
"Population 3 years and over","2022","Male","Monaghan","Number","31580"
"Population 3 years and over","2022","Female","State","Number","2519885"
"Population 3 years and over","2022","Female","Carlow","Number","30157"
"Population 3 years and over","2022","Female","Dublin City","Number","292335"
"Population 3 years and over","2022","Female","Dún Laoghaire-Rathdown","Number","118210"
"Population 3 years and over","2022","Female","Fingal","Number","162005"
"Population 3 years and over","2022","Female","South Dublin","Number","148522"
"Population 3 years and over","2022","Female","Kildare","Number","120044"
"Population 3 years and over","2022","Female","Kilkenny","Number","50620"
"Population 3 years and over","2022","Female","Laois","Number","43999"
"Population 3 years and over","2022","Female","Longford","Number","22551"
"Population 3 years and over","2022","Female","Louth","Number","68433"
"Population 3 years and over","2022","Female","Meath","Number","106847"
"Population 3 years and over","2022","Female","Offaly","Number","40166"
"Population 3 years and over","2022","Female","Westmeath","Number","46831"
"Population 3 years and over","2022","Female","Wexford","Number","80461"
"Population 3 years and over","2022","Female","Wicklow","Number","76777"
"Population 3 years and over","2022","Female","Clare","Number","62882"
"Population 3 years and over","2022","Female","Cork City and Cork County","Number","285683"
"Population 3 years and over","2022","Female","Kerry","Number","76686"
"Population 3 years and over","2022","Female","Limerick City and County","Number","101818"
"Population 3 years and over","2022","Female","Tipperary","Number","81590"
"Population 3 years and over","2022","Female","Waterford City and County","Number","62339"
"Population 3 years and over","2022","Female","Galway City","Number","42832"
"Population 3 years and over","2022","Female","Galway County","Number","93487"
"Population 3 years and over","2022","Female","Leitrim","Number","17011"
"Population 3 years and over","2022","Female","Mayo","Number","67327"
"Population 3 years and over","2022","Female","Roscommon","Number","33911"
"Population 3 years and over","2022","Female","Sligo","Number","34559"
"Population 3 years and over","2022","Female","Cavan","Number","39146"
"Population 3 years and over","2022","Female","Donegal","Number","81507"
"Population 3 years and over","2022","Female","Monaghan","Number","31149"
"Irish speakers","2022","Both sexes","State","Number","1873997"
"Irish speakers","2022","Both sexes","Carlow","Number","21426"
"Irish speakers","2022","Both sexes","Dublin City","Number","162400"
"Irish speakers","2022","Both sexes","Dún Laoghaire-Rathdown","Number","93899"
"Irish speakers","2022","Both sexes","Fingal","Number","113366"
"Irish speakers","2022","Both sexes","South Dublin","Number","98014"
"Irish speakers","2022","Both sexes","Kildare","Number","95484"
"Irish speakers","2022","Both sexes","Kilkenny","Number","41037"
"Irish speakers","2022","Both sexes","Laois","Number","33538"
"Irish speakers","2022","Both sexes","Longford","Number","14993"
"Irish speakers","2022","Both sexes","Louth","Number","44078"
"Irish speakers","2022","Both sexes","Meath","Number","80822"
"Irish speakers","2022","Both sexes","Offaly","Number","28231"
"Irish speakers","2022","Both sexes","Westmeath","Number","33598"
"Irish speakers","2022","Both sexes","Wexford","Number","55198"
"Irish speakers","2022","Both sexes","Wicklow","Number","56012"
"Irish speakers","2022","Both sexes","Clare","Number","54437"
"Irish speakers","2022","Both sexes","Cork City and Cork County","Number","238226"
"Irish speakers","2022","Both sexes","Kerry","Number","62877"
"Irish speakers","2022","Both sexes","Limerick City and County","Number","78172"
"Irish speakers","2022","Both sexes","Tipperary","Number","66003"
"Irish speakers","2022","Both sexes","Waterford City and County","Number","48106"
"Irish speakers","2022","Both sexes","Galway City","Number","32708"
"Irish speakers","2022","Both sexes","Galway County","Number","89222"
"Irish speakers","2022","Both sexes","Leitrim","Number","13153"
"Irish speakers","2022","Both sexes","Mayo","Number","56346"
"Irish speakers","2022","Both sexes","Roscommon","Number","26853"
"Irish speakers","2022","Both sexes","Sligo","Number","26506"
"Irish speakers","2022","Both sexes","Cavan","Number","26591"
"Irish speakers","2022","Both sexes","Donegal","Number","59130"
"Irish speakers","2022","Both sexes","Monaghan","Number","23571"
"Irish speakers","2022","Male","State","Number","843826"
"Irish speakers","2022","Male","Carlow","Number","9370"
"Irish speakers","2022","Male","Dublin City","Number","72519"
"Irish speakers","2022","Male","Dún Laoghaire-Rathdown","Number","42344"
"Irish speakers","2022","Male","Fingal","Number","51782"
"Irish speakers","2022","Male","South Dublin","Number","44206"
"Irish speakers","2022","Male","Kildare","Number","43215"
"Irish speakers","2022","Male","Kilkenny","Number","18357"
"Irish speakers","2022","Male","Laois","Number","14762"
"Irish speakers","2022","Male","Longford","Number","6705"
"Irish speakers","2022","Male","Louth","Number","19748"
"Irish speakers","2022","Male","Meath","Number","36325"
"Irish speakers","2022","Male","Offaly","Number","12347"
"Irish speakers","2022","Male","Westmeath","Number","15018"
"Irish speakers","2022","Male","Wexford","Number","24174"
"Irish speakers","2022","Male","Wicklow","Number","24863"
"Irish speakers","2022","Male","Clare","Number","24835"
"Irish speakers","2022","Male","Cork City and Cork County","Number","108787"
"Irish speakers","2022","Male","Kerry","Number","28291"
"Irish speakers","2022","Male","Limerick City and County","Number","35372"
"Irish speakers","2022","Male","Tipperary","Number","29740"
"Irish speakers","2022","Male","Waterford City and County","Number","21825"
"Irish speakers","2022","Male","Galway City","Number","14481"
"Irish speakers","2022","Male","Galway County","Number","41424"
"Irish speakers","2022","Male","Leitrim","Number","5877"
"Irish speakers","2022","Male","Mayo","Number","25061"
"Irish speakers","2022","Male","Roscommon","Number","11944"
"Irish speakers","2022","Male","Sligo","Number","11550"
"Irish speakers","2022","Male","Cavan","Number","11738"
"Irish speakers","2022","Male","Donegal","Number","26661"
"Irish speakers","2022","Male","Monaghan","Number","10505"
"Irish speakers","2022","Female","State","Number","1030171"
"Irish speakers","2022","Female","Carlow","Number","12056"
"Irish speakers","2022","Female","Dublin City","Number","89881"
"Irish speakers","2022","Female","Dún Laoghaire-Rathdown","Number","51555"
"Irish speakers","2022","Female","Fingal","Number","61584"
"Irish speakers","2022","Female","South Dublin","Number","53808"
"Irish speakers","2022","Female","Kildare","Number","52269"
"Irish speakers","2022","Female","Kilkenny","Number","22680"
"Irish speakers","2022","Female","Laois","Number","18776"
"Irish speakers","2022","Female","Longford","Number","8288"
"Irish speakers","2022","Female","Louth","Number","24330"
"Irish speakers","2022","Female","Meath","Number","44497"
"Irish speakers","2022","Female","Offaly","Number","15884"
"Irish speakers","2022","Female","Westmeath","Number","18580"
"Irish speakers","2022","Female","Wexford","Number","31024"
"Irish speakers","2022","Female","Wicklow","Number","31149"
"Irish speakers","2022","Female","Clare","Number","29602"
"Irish speakers","2022","Female","Cork City and Cork County","Number","129439"
"Irish speakers","2022","Female","Kerry","Number","34586"
"Irish speakers","2022","Female","Limerick City and County","Number","42800"
"Irish speakers","2022","Female","Tipperary","Number","36263"
"Irish speakers","2022","Female","Waterford City and County","Number","26281"
"Irish speakers","2022","Female","Galway City","Number","18227"
"Irish speakers","2022","Female","Galway County","Number","47798"
"Irish speakers","2022","Female","Leitrim","Number","7276"
"Irish speakers","2022","Female","Mayo","Number","31285"
"Irish speakers","2022","Female","Roscommon","Number","14909"
"Irish speakers","2022","Female","Sligo","Number","14956"
"Irish speakers","2022","Female","Cavan","Number","14853"
"Irish speakers","2022","Female","Donegal","Number","32469"
"Irish speakers","2022","Female","Monaghan","Number","13066"
"Non - Irish speakers","2022","Both sexes","State","Number","2759028"
"Non - Irish speakers","2022","Both sexes","Carlow","Number","34572"
"Non - Irish speakers","2022","Both sexes","Dublin City","Number","334150"
"Non - Irish speakers","2022","Both sexes","Dún Laoghaire-Rathdown","Number","124825"
"Non - Irish speakers","2022","Both sexes","Fingal","Number","181628"
"Non - Irish speakers","2022","Both sexes","South Dublin","Number","171650"
"Non - Irish speakers","2022","Both sexes","Kildare","Number","131556"
"Non - Irish speakers","2022","Both sexes","Kilkenny","Number","54794"
"Non - Irish speakers","2022","Both sexes","Laois","Number","49972"
"Non - Irish speakers","2022","Both sexes","Longford","Number","24513"
"Non - Irish speakers","2022","Both sexes","Louth","Number","81135"
"Non - Irish speakers","2022","Both sexes","Meath","Number","122365"
"Non - Irish speakers","2022","Both sexes","Offaly","Number","47455"
"Non - Irish speakers","2022","Both sexes","Westmeath","Number","52400"
"Non - Irish speakers","2022","Both sexes","Wexford","Number","95130"
"Non - Irish speakers","2022","Both sexes","Wicklow","Number","87476"
"Non - Irish speakers","2022","Both sexes","Clare","Number","61091"
"Non - Irish speakers","2022","Both sexes","Cork City and Cork County","Number","293721"
"Non - Irish speakers","2022","Both sexes","Kerry","Number","80078"
"Non - Irish speakers","2022","Both sexes","Limerick City and County","Number","104900"
"Non - Irish speakers","2022","Both sexes","Tipperary","Number","87473"
"Non - Irish speakers","2022","Both sexes","Waterford City and County","Number","66659"
"Non - Irish speakers","2022","Both sexes","Galway City","Number","40057"
"Non - Irish speakers","2022","Both sexes","Galway County","Number","88096"
"Non - Irish speakers","2022","Both sexes","Leitrim","Number","19155"
"Non - Irish speakers","2022","Both sexes","Mayo","Number","70758"
"Non - Irish speakers","2022","Both sexes","Roscommon","Number","37583"
"Non - Irish speakers","2022","Both sexes","Sligo","Number","37411"
"Non - Irish speakers","2022","Both sexes","Cavan","Number","47558"
"Non - Irish speakers","2022","Both sexes","Donegal","Number","94478"
"Non - Irish speakers","2022","Both sexes","Monaghan","Number","36389"
"Non - Irish speakers","2022","Male","State","Number","1435491"
"Non - Irish speakers","2022","Male","Carlow","Number","18373"
"Non - Irish speakers","2022","Male","Dublin City","Number","169393"
"Non - Irish speakers","2022","Male","Dún Laoghaire-Rathdown","Number","62177"
"Non - Irish speakers","2022","Male","Fingal","Number","92512"
"Non - Irish speakers","2022","Male","South Dublin","Number","86842"
"Non - Irish speakers","2022","Male","Kildare","Number","69340"
"Non - Irish speakers","2022","Male","Kilkenny","Number","29235"
"Non - Irish speakers","2022","Male","Laois","Number","26956"
"Non - Irish speakers","2022","Male","Longford","Number","13035"
"Non - Irish speakers","2022","Male","Louth","Number","41697"
"Non - Irish speakers","2022","Male","Meath","Number","64553"
"Non - Irish speakers","2022","Male","Offaly","Number","25375"
"Non - Irish speakers","2022","Male","Westmeath","Number","27553"
"Non - Irish speakers","2022","Male","Wexford","Number","49760"
"Non - Irish speakers","2022","Male","Wicklow","Number","45444"
"Non - Irish speakers","2022","Male","Clare","Number","32094"
"Non - Irish speakers","2022","Male","Cork City and Cork County","Number","153121"
"Non - Irish speakers","2022","Male","Kerry","Number","42215"
"Non - Irish speakers","2022","Male","Limerick City and County","Number","55370"
"Non - Irish speakers","2022","Male","Tipperary","Number","46404"
"Non - Irish speakers","2022","Male","Waterford City and County","Number","34852"
"Non - Irish speakers","2022","Male","Galway City","Number","20083"
"Non - Irish speakers","2022","Male","Galway County","Number","46864"
"Non - Irish speakers","2022","Male","Leitrim","Number","10215"
"Non - Irish speakers","2022","Male","Mayo","Number","37747"
"Non - Irish speakers","2022","Male","Roscommon","Number","20201"
"Non - Irish speakers","2022","Male","Sligo","Number","19789"
"Non - Irish speakers","2022","Male","Cavan","Number","25385"
"Non - Irish speakers","2022","Male","Donegal","Number","49279"
"Non - Irish speakers","2022","Male","Monaghan","Number","19627"
"Non - Irish speakers","2022","Female","State","Number","1323537"
"Non - Irish speakers","2022","Female","Carlow","Number","16199"
"Non - Irish speakers","2022","Female","Dublin City","Number","164757"
"Non - Irish speakers","2022","Female","Dún Laoghaire-Rathdown","Number","62648"
"Non - Irish speakers","2022","Female","Fingal","Number","89116"
"Non - Irish speakers","2022","Female","South Dublin","Number","84808"
"Non - Irish speakers","2022","Female","Kildare","Number","62216"
"Non - Irish speakers","2022","Female","Kilkenny","Number","25559"
"Non - Irish speakers","2022","Female","Laois","Number","23016"
"Non - Irish speakers","2022","Female","Longford","Number","11478"
"Non - Irish speakers","2022","Female","Louth","Number","39438"
"Non - Irish speakers","2022","Female","Meath","Number","57812"
"Non - Irish speakers","2022","Female","Offaly","Number","22080"
"Non - Irish speakers","2022","Female","Westmeath","Number","24847"
"Non - Irish speakers","2022","Female","Wexford","Number","45370"
"Non - Irish speakers","2022","Female","Wicklow","Number","42032"
"Non - Irish speakers","2022","Female","Clare","Number","28997"
"Non - Irish speakers","2022","Female","Cork City and Cork County","Number","140600"
"Non - Irish speakers","2022","Female","Kerry","Number","37863"
"Non - Irish speakers","2022","Female","Limerick City and County","Number","49530"
"Non - Irish speakers","2022","Female","Tipperary","Number","41069"
"Non - Irish speakers","2022","Female","Waterford City and County","Number","31807"
"Non - Irish speakers","2022","Female","Galway City","Number","19974"
"Non - Irish speakers","2022","Female","Galway County","Number","41232"
"Non - Irish speakers","2022","Female","Leitrim","Number","8940"
"Non - Irish speakers","2022","Female","Mayo","Number","33011"
"Non - Irish speakers","2022","Female","Roscommon","Number","17382"
"Non - Irish speakers","2022","Female","Sligo","Number","17622"
"Non - Irish speakers","2022","Female","Cavan","Number","22173"
"Non - Irish speakers","2022","Female","Donegal","Number","45199"
"Non - Irish speakers","2022","Female","Monaghan","Number","16762"
"Ability to speak Irish - Not stated","2022","Both sexes","State","Number","342688"
"Ability to speak Irish - Not stated","2022","Both sexes","Carlow","Number","3933"
"Ability to speak Irish - Not stated","2022","Both sexes","Dublin City","Number","78421"
"Ability to speak Irish - Not stated","2022","Both sexes","Dún Laoghaire-Rathdown","Number","7753"
"Ability to speak Irish - Not stated","2022","Both sexes","Fingal","Number","23301"
"Ability to speak Irish - Not stated","2022","Both sexes","South Dublin","Number","20460"
"Ability to speak Irish - Not stated","2022","Both sexes","Kildare","Number","11640"
"Ability to speak Irish - Not stated","2022","Both sexes","Kilkenny","Number","4906"
"Ability to speak Irish - Not stated","2022","Both sexes","Laois","Number","5090"
"Ability to speak Irish - Not stated","2022","Both sexes","Longford","Number","5692"
"Ability to speak Irish - Not stated","2022","Both sexes","Louth","Number","9565"
"Ability to speak Irish - Not stated","2022","Both sexes","Meath","Number","9376"
"Ability to speak Irish - Not stated","2022","Both sexes","Offaly","Number","4647"
"Ability to speak Irish - Not stated","2022","Both sexes","Westmeath","Number","6828"
"Ability to speak Irish - Not stated","2022","Both sexes","Wexford","Number","8240"
"Ability to speak Irish - Not stated","2022","Both sexes","Wicklow","Number","7175"
"Ability to speak Irish - Not stated","2022","Both sexes","Clare","Number","8200"
"Ability to speak Irish - Not stated","2022","Both sexes","Cork City and Cork County","Number","32741"
"Ability to speak Irish - Not stated","2022","Both sexes","Kerry","Number","8637"
"Ability to speak Irish - Not stated","2022","Both sexes","Limerick City and County","Number","19691"
"Ability to speak Irish - Not stated","2022","Both sexes","Tipperary","Number","8843"
"Ability to speak Irish - Not stated","2022","Both sexes","Waterford City and County","Number","8663"
"Ability to speak Irish - Not stated","2022","Both sexes","Galway City","Number","9308"
"Ability to speak Irish - Not stated","2022","Both sexes","Galway County","Number","9190"
"Ability to speak Irish - Not stated","2022","Both sexes","Leitrim","Number","1628"
"Ability to speak Irish - Not stated","2022","Both sexes","Mayo","Number","6254"
"Ability to speak Irish - Not stated","2022","Both sexes","Roscommon","Number","3418"
"Ability to speak Irish - Not stated","2022","Both sexes","Sligo","Number","4008"
"Ability to speak Irish - Not stated","2022","Both sexes","Cavan","Number","4484"
"Ability to speak Irish - Not stated","2022","Both sexes","Donegal","Number","7827"
"Ability to speak Irish - Not stated","2022","Both sexes","Monaghan","Number","2769"
"Ability to speak Irish - Not stated","2022","Male","State","Number","176511"
"Ability to speak Irish - Not stated","2022","Male","Carlow","Number","2031"
"Ability to speak Irish - Not stated","2022","Male","Dublin City","Number","40724"
"Ability to speak Irish - Not stated","2022","Male","Dún Laoghaire-Rathdown","Number","3746"
"Ability to speak Irish - Not stated","2022","Male","Fingal","Number","11996"
"Ability to speak Irish - Not stated","2022","Male","South Dublin","Number","10554"
"Ability to speak Irish - Not stated","2022","Male","Kildare","Number","6081"
"Ability to speak Irish - Not stated","2022","Male","Kilkenny","Number","2525"
"Ability to speak Irish - Not stated","2022","Male","Laois","Number","2883"
"Ability to speak Irish - Not stated","2022","Male","Longford","Number","2907"
"Ability to speak Irish - Not stated","2022","Male","Louth","Number","4900"
"Ability to speak Irish - Not stated","2022","Male","Meath","Number","4838"
"Ability to speak Irish - Not stated","2022","Male","Offaly","Number","2445"
"Ability to speak Irish - Not stated","2022","Male","Westmeath","Number","3424"
"Ability to speak Irish - Not stated","2022","Male","Wexford","Number","4173"
"Ability to speak Irish - Not stated","2022","Male","Wicklow","Number","3579"
"Ability to speak Irish - Not stated","2022","Male","Clare","Number","3917"
"Ability to speak Irish - Not stated","2022","Male","Cork City and Cork County","Number","17097"
"Ability to speak Irish - Not stated","2022","Male","Kerry","Number","4400"
"Ability to speak Irish - Not stated","2022","Male","Limerick City and County","Number","10203"
"Ability to speak Irish - Not stated","2022","Male","Tipperary","Number","4585"
"Ability to speak Irish - Not stated","2022","Male","Waterford City and County","Number","4412"
"Ability to speak Irish - Not stated","2022","Male","Galway City","Number","4677"
"Ability to speak Irish - Not stated","2022","Male","Galway County","Number","4733"
"Ability to speak Irish - Not stated","2022","Male","Leitrim","Number","833"
"Ability to speak Irish - Not stated","2022","Male","Mayo","Number","3223"
"Ability to speak Irish - Not stated","2022","Male","Roscommon","Number","1798"
"Ability to speak Irish - Not stated","2022","Male","Sligo","Number","2027"
"Ability to speak Irish - Not stated","2022","Male","Cavan","Number","2364"
"Ability to speak Irish - Not stated","2022","Male","Donegal","Number","3988"
"Ability to speak Irish - Not stated","2022","Male","Monaghan","Number","1448"
"Ability to speak Irish - Not stated","2022","Female","State","Number","166177"
"Ability to speak Irish - Not stated","2022","Female","Carlow","Number","1902"
"Ability to speak Irish - Not stated","2022","Female","Dublin City","Number","37697"
"Ability to speak Irish - Not stated","2022","Female","Dún Laoghaire-Rathdown","Number","4007"
"Ability to speak Irish - Not stated","2022","Female","Fingal","Number","11305"
"Ability to speak Irish - Not stated","2022","Female","South Dublin","Number","9906"
"Ability to speak Irish - Not stated","2022","Female","Kildare","Number","5559"
"Ability to speak Irish - Not stated","2022","Female","Kilkenny","Number","2381"
"Ability to speak Irish - Not stated","2022","Female","Laois","Number","2207"
"Ability to speak Irish - Not stated","2022","Female","Longford","Number","2785"
"Ability to speak Irish - Not stated","2022","Female","Louth","Number","4665"
"Ability to speak Irish - Not stated","2022","Female","Meath","Number","4538"
"Ability to speak Irish - Not stated","2022","Female","Offaly","Number","2202"
"Ability to speak Irish - Not stated","2022","Female","Westmeath","Number","3404"
"Ability to speak Irish - Not stated","2022","Female","Wexford","Number","4067"
"Ability to speak Irish - Not stated","2022","Female","Wicklow","Number","3596"
"Ability to speak Irish - Not stated","2022","Female","Clare","Number","4283"
"Ability to speak Irish - Not stated","2022","Female","Cork City and Cork County","Number","15644"
"Ability to speak Irish - Not stated","2022","Female","Kerry","Number","4237"
"Ability to speak Irish - Not stated","2022","Female","Limerick City and County","Number","9488"
"Ability to speak Irish - Not stated","2022","Female","Tipperary","Number","4258"
"Ability to speak Irish - Not stated","2022","Female","Waterford City and County","Number","4251"
"Ability to speak Irish - Not stated","2022","Female","Galway City","Number","4631"
"Ability to speak Irish - Not stated","2022","Female","Galway County","Number","4457"
"Ability to speak Irish - Not stated","2022","Female","Leitrim","Number","795"
"Ability to speak Irish - Not stated","2022","Female","Mayo","Number","3031"
"Ability to speak Irish - Not stated","2022","Female","Roscommon","Number","1620"
"Ability to speak Irish - Not stated","2022","Female","Sligo","Number","1981"
"Ability to speak Irish - Not stated","2022","Female","Cavan","Number","2120"
"Ability to speak Irish - Not stated","2022","Female","Donegal","Number","3839"
"Ability to speak Irish - Not stated","2022","Female","Monaghan","Number","1321"
"Irish speakers as a percentage of total","2022","Both sexes","State","%","40.4"
"Irish speakers as a percentage of total","2022","Both sexes","Carlow","%","38.3"
"Irish speakers as a percentage of total","2022","Both sexes","Dublin City","%","32.7"
"Irish speakers as a percentage of total","2022","Both sexes","Dún Laoghaire-Rathdown","%","42.9"
"Irish speakers as a percentage of total","2022","Both sexes","Fingal","%","38.4"
"Irish speakers as a percentage of total","2022","Both sexes","South Dublin","%","36.3"
"Irish speakers as a percentage of total","2022","Both sexes","Kildare","%","42.1"
"Irish speakers as a percentage of total","2022","Both sexes","Kilkenny","%","42.8"
"Irish speakers as a percentage of total","2022","Both sexes","Laois","%","40.2"
"Irish speakers as a percentage of total","2022","Both sexes","Longford","%","38"
"Irish speakers as a percentage of total","2022","Both sexes","Louth","%","35.2"
"Irish speakers as a percentage of total","2022","Both sexes","Meath","%","39.8"
"Irish speakers as a percentage of total","2022","Both sexes","Offaly","%","37.3"
"Irish speakers as a percentage of total","2022","Both sexes","Westmeath","%","39.1"
"Irish speakers as a percentage of total","2022","Both sexes","Wexford","%","36.7"
"Irish speakers as a percentage of total","2022","Both sexes","Wicklow","%","39"
"Irish speakers as a percentage of total","2022","Both sexes","Clare","%","47.1"
"Irish speakers as a percentage of total","2022","Both sexes","Cork City and Cork County","%","44.8"
"Irish speakers as a percentage of total","2022","Both sexes","Kerry","%","44"
"Irish speakers as a percentage of total","2022","Both sexes","Limerick City and County","%","42.7"
"Irish speakers as a percentage of total","2022","Both sexes","Tipperary","%","43"
"Irish speakers as a percentage of total","2022","Both sexes","Waterford City and County","%","41.9"
"Irish speakers as a percentage of total","2022","Both sexes","Galway City","%","45"
"Irish speakers as a percentage of total","2022","Both sexes","Galway County","%","50.3"
"Irish speakers as a percentage of total","2022","Both sexes","Leitrim","%","40.7"
"Irish speakers as a percentage of total","2022","Both sexes","Mayo","%","44.3"
"Irish speakers as a percentage of total","2022","Both sexes","Roscommon","%","41.7"
"Irish speakers as a percentage of total","2022","Both sexes","Sligo","%","41.5"
"Irish speakers as a percentage of total","2022","Both sexes","Cavan","%","35.9"
"Irish speakers as a percentage of total","2022","Both sexes","Donegal","%","38.5"
"Irish speakers as a percentage of total","2022","Both sexes","Monaghan","%","39.3"
"Irish speakers as a percentage of total","2022","Male","State","%","37"
"Irish speakers as a percentage of total","2022","Male","Carlow","%","33.8"
"Irish speakers as a percentage of total","2022","Male","Dublin City","%","30"
"Irish speakers as a percentage of total","2022","Male","Dún Laoghaire-Rathdown","%","40.5"
"Irish speakers as a percentage of total","2022","Male","Fingal","%","35.9"
"Irish speakers as a percentage of total","2022","Male","South Dublin","%","33.7"
"Irish speakers as a percentage of total","2022","Male","Kildare","%","38.4"
"Irish speakers as a percentage of total","2022","Male","Kilkenny","%","38.6"
"Irish speakers as a percentage of total","2022","Male","Laois","%","35.4"
"Irish speakers as a percentage of total","2022","Male","Longford","%","34"
"Irish speakers as a percentage of total","2022","Male","Louth","%","32.1"
"Irish speakers as a percentage of total","2022","Male","Meath","%","36"
"Irish speakers as a percentage of total","2022","Male","Offaly","%","32.7"
"Irish speakers as a percentage of total","2022","Male","Westmeath","%","35.3"
"Irish speakers as a percentage of total","2022","Male","Wexford","%","32.7"
"Irish speakers as a percentage of total","2022","Male","Wicklow","%","35.4"
"Irish speakers as a percentage of total","2022","Male","Clare","%","43.6"
"Irish speakers as a percentage of total","2022","Male","Cork City and Cork County","%","41.5"
"Irish speakers as a percentage of total","2022","Male","Kerry","%","40.1"
"Irish speakers as a percentage of total","2022","Male","Limerick City and County","%","39"
"Irish speakers as a percentage of total","2022","Male","Tipperary","%","39.1"
"Irish speakers as a percentage of total","2022","Male","Waterford City and County","%","38.5"
"Irish speakers as a percentage of total","2022","Male","Galway City","%","41.9"
"Irish speakers as a percentage of total","2022","Male","Galway County","%","46.9"
"Irish speakers as a percentage of total","2022","Male","Leitrim","%","36.5"
"Irish speakers as a percentage of total","2022","Male","Mayo","%","39.9"
"Irish speakers as a percentage of total","2022","Male","Roscommon","%","37.2"
"Irish speakers as a percentage of total","2022","Male","Sligo","%","36.9"
"Irish speakers as a percentage of total","2022","Male","Cavan","%","31.6"
"Irish speakers as a percentage of total","2022","Male","Donegal","%","35.1"
"Irish speakers as a percentage of total","2022","Male","Monaghan","%","34.9"
"Irish speakers as a percentage of total","2022","Female","State","%","43.8"
"Irish speakers as a percentage of total","2022","Female","Carlow","%","42.7"
"Irish speakers as a percentage of total","2022","Female","Dublin City","%","35.3"
"Irish speakers as a percentage of total","2022","Female","Dún Laoghaire-Rathdown","%","45.1"
"Irish speakers as a percentage of total","2022","Female","Fingal","%","40.9"
"Irish speakers as a percentage of total","2022","Female","South Dublin","%","38.8"
"Irish speakers as a percentage of total","2022","Female","Kildare","%","45.7"
"Irish speakers as a percentage of total","2022","Female","Kilkenny","%","47"
"Irish speakers as a percentage of total","2022","Female","Laois","%","44.9"
"Irish speakers as a percentage of total","2022","Female","Longford","%","41.9"
"Irish speakers as a percentage of total","2022","Female","Louth","%","38.2"
"Irish speakers as a percentage of total","2022","Female","Meath","%","43.5"
"Irish speakers as a percentage of total","2022","Female","Offaly","%","41.8"
"Irish speakers as a percentage of total","2022","Female","Westmeath","%","42.8"
"Irish speakers as a percentage of total","2022","Female","Wexford","%","40.6"
"Irish speakers as a percentage of total","2022","Female","Wicklow","%","42.6"
"Irish speakers as a percentage of total","2022","Female","Clare","%","50.5"
"Irish speakers as a percentage of total","2022","Female","Cork City and Cork County","%","47.9"
"Irish speakers as a percentage of total","2022","Female","Kerry","%","47.7"
"Irish speakers as a percentage of total","2022","Female","Limerick City and County","%","46.4"
"Irish speakers as a percentage of total","2022","Female","Tipperary","%","46.9"
"Irish speakers as a percentage of total","2022","Female","Waterford City and County","%","45.2"
"Irish speakers as a percentage of total","2022","Female","Galway City","%","47.7"
"Irish speakers as a percentage of total","2022","Female","Galway County","%","53.7"
"Irish speakers as a percentage of total","2022","Female","Leitrim","%","44.9"
"Irish speakers as a percentage of total","2022","Female","Mayo","%","48.7"
"Irish speakers as a percentage of total","2022","Female","Roscommon","%","46.2"
"Irish speakers as a percentage of total","2022","Female","Sligo","%","45.9"
"Irish speakers as a percentage of total","2022","Female","Cavan","%","40.1"
"Irish speakers as a percentage of total","2022","Female","Donegal","%","41.8"
"Irish speakers as a percentage of total","2022","Female","Monaghan","%","43.8"
